nombre,whatsapp,estado_pedido
Distribuidora Norte,+573001110001,demorado
Ferretería Sur,+573001110002,al día
Panadería La Espiga,+573001110003,al día
Óptica Central,+573001110004,demorado
Taller Ruiz,+573001110005,al día
Librería Páez,+573001110006,al día
Muebles Ocaña,+573001110007,al día
Floristería Lirio,+573001110008,demorado
Droguería Vida,+573001110009,al día
Café Altura,+573001110010,al día
Papelería Útil,+573001110011,al día
Gimnasio Forma,+573001110012,al día
Veterinaria Huellas,+573001110013,al día
Lavandería Sol,+573001110014,al día
Zapatería Paso,+573001110015,al día
